タイムスタンプ,あなたの学生ID（問題文右上を参照。半角数字）,時間内に問題を解くことができましたか,"問題の文章は理解しやすかったですか？
（星1：わかりにくい 星10：わかりやすい）","新しいことを学ぶ機会になりましたか？
（星1：ならない 星10：なった）","難易度はどうでしたか？
（星1：簡単すぎる 星10：難しすぎる）","この問題を解いて、楽しかったですか？
（星1：つまらなかった 星10：楽しかった）","「いい問題だな」と思いましたか？
（星1：あてはまらない 星10：あてはまる）","この問題の解答時間である15分は適切でしたか？
（星1：短かった 星10：長かった）","今回、解答できなかった主な理由はどれに近いですか？
(最も当てはまるものを1つ選択)","改めて時間をかけて学び直したり、調べたりした場合、この問題に再挑戦すれば解けそうだと感じますか？
(最も当てはまるものを1つ選択)","この問題を解いて、良かった点や改善点はありますか？
例）・例の入力と出力がおかしい
   ・もっと難しくしてほしい","その他質問ありますか？
（勉強のことでもAIのことでもなんでもどうぞ！）"
2024/12/13 13:34:50,20,解けなかった,4,5,3,6,8,7,問題文や解法方針を正しく理解することができなかった,すぐにでも解けると思う,,
2024/12/13 13:35:20,15,解けた,3,1,3,1,6,5,（解けたので、これらには該当しない）,（解けたので、これらには該当しない）,前提条件が曖昧,
2024/12/13 13:35:26,13,解けた,7,6,7,7,9,6,（解けたので、これらには該当しない）,（解けたので、これらには該当しない）,説明にある、「配列のサイズはユーザーから動的に入力されようにしてください」ですが、これは「入力された配列からサイズを読み取れ」か、「配列のサイズを最初に受けいれ、そのサイズで配列を作って受け取ること」かが分かりにくかったです。今回は先に配列のサイズを入力する方法で実装しましたが、もう少し分かりやすい文章にしていただけると幸いです。,
2024/12/13 13:36:13,9,解けた,3,1,1,5,3,1,（解けたので、これらには該当しない）,（解けたので、これらには該当しない）,"基礎的な部分は見直せてよかった。
もっと難しくしてほしい。
逆に本当に合っているのか心配になった。
問題文と入出力例が合っていないため、困惑した。","AIはどうやって作るのか、どう学習するのかとても気になる。
そういったモジュールなどがあるのか。
"
2024/12/13 13:39:40,21,解けなかった,5,5,7,8,7,3,バグ修正やテストに時間がかかり、完成まで辿り着けなかった,学習しても解けるようになるか不安,,
2024/12/13 13:40:02,34,解けた,4,1,2,9,3,5,（解けたので、これらには該当しない）,どんな学習が必要かイメージしづらいが、勉強すればいけそう,,
2024/12/13 13:41:41,19,解けなかった,10,7,6,8,9,4,知識はあったが、実際のコード実装でつまずいた,すぐにでも解けると思う,,
2024/12/13 13:41:53,14,解けた,7,7,5,10,9,5,（解けたので、これらには該当しない）,（解けたので、これらには該当しない）,,
2024/12/13 13:41:58,30,解けなかった,6,10,5,8,7,5,バグ修正やテストに時間がかかり、完成まで辿り着けなかった,すぐにでも解けると思う,入力、出力の範囲を教えて欲しかった。,
2024/12/13 13:42:07,38,解けなかった,6,9,5,7,7,8,知識はあったが、実際のコード実装でつまずいた,すぐにでも解けると思う,,
2024/12/13 13:42:21,36,解けなかった,9,6,6,8,8,4,バグ修正やテストに時間がかかり、完成まで辿り着けなかった,すぐにでも解けると思う,,
2024/12/13 13:42:22,41,解けなかった,10,5,7,4,9,6,必要な知識・アルゴリズムをそもそも知らなかった,すぐにでも解けると思う,,
2024/12/13 13:42:28,26,解けなかった,8,7,5,10,7,5,バグ修正やテストに時間がかかり、完成まで辿り着けなかった,すぐにでも解けると思う,,
2024/12/13 13:42:33,11,解けなかった,8,1,4,8,7,6,知識はあったが、実際のコード実装でつまずいた,追加で学習すれば解けるようになりそう,,
2024/12/13 13:42:42,1,解けなかった,8,5,8,5,7,1,バグ修正やテストに時間がかかり、完成まで辿り着けなかった,追加で学習すれば解けるようになりそう,時間が足りませんでした、,
2024/12/13 13:42:45,22,解けなかった,3,5,5,3,3,4,知識はあったが、実際のコード実装でつまずいた,追加で学習すれば解けるようになりそう,,
2024/12/13 13:42:47,2,解けた,5,10,5,10,7,5,必要な知識・アルゴリズムをそもそも知らなかった,すぐにでも解けると思う,配列の要素の指定の仕方がわからなかった。,
2024/12/13 13:42:55,27,解けた,8,6,4,7,7,6,（解けたので、これらには該当しない）,（解けたので、これらには該当しない）,平均値を出すときにdouble型を使うのかどうか教えて欲しかった,
2024/12/13 13:43:02,5,解けなかった,4,3,3,3,3,5,バグ修正やテストに時間がかかり、完成まで辿り着けなかった,追加で学習すれば解けるようになりそう,配列の大きさの指定がない。具体的な数値か大きさを指定できるようになど指示があった方が良いと思う。,
2024/12/13 13:43:03,10,解けた,7,10,5,10,10,4,（解けたので、これらには該当しない）,（解けたので、これらには該当しない）,,
2024/12/13 13:43:03,17,解けた,8,1,2,1,2,5,（解けたので、これらには該当しない）,すぐにでも解けると思う,例の入力と出力が問題の説明に適していると感じなかった,
2024/12/13 13:43:38,12,解けなかった,3,5,6,4,9,3,知識はあったが、実際のコード実装でつまずいた,すぐにでも解けると思う,まだそこまでプログラミングの用語について詳しいわけではないので、『ソート』などの用語をわかりやすくして欲しい。,
2024/12/13 13:43:49,8,解けた,1,2,1,2,1,10,問題文や解法方針を正しく理解することができなかった,（解けたので、これらには該当しない）,"問題文がわかりにくく、理解に苦しんだ。
（“動的に確保”が授業ではポインタで使われたので“事前に配列”を確保の方がわかりやすかった。）",
2024/12/13 13:44:10,25,解けなかった,8,3,5,5,8,1,知識はあったが、実際のコード実装でつまずいた,追加で学習すれば解けるようになりそう,,
2024/12/13 13:44:22,3,解けなかった,4,7,5,10,5,4,知識はあったが、実際のコード実装でつまずいた,すぐにでも解けると思う,,
2024/12/13 13:44:29,23,解けなかった,8,8,7,10,10,4,バグ修正やテストに時間がかかり、完成まで辿り着けなかった,追加で学習すれば解けるようになりそう,LLMはいい問題を出すと思いました。,
2024/12/13 13:44:33,16,解けなかった,5,5,4,6,8,2,知識はあったが、実際のコード実装でつまずいた,すぐにでも解けると思う,条件の設定が少なくてやや問題文が分かりづらかった。(扱う値はランダムなのか、キーボードから入力する必要があるのかなど),
2024/12/13 13:44:44,32,解けなかった,6,8,7,9,8,5,必要な知識・アルゴリズムをそもそも知らなかった,追加で学習すれば解けるようになりそう,,
2024/12/13 13:44:58,6,解けなかった,5,7,8,5,6,3,必要な知識・アルゴリズムをそもそも知らなかった,追加で学習すれば解けるようになりそう,入力はプラグラム内で行うのか、scanf関数などで実行時に行うのかどうかわからなかった。,
2024/12/13 13:44:59,28,解けなかった,5,6,4,7,7,3,バグ修正やテストに時間がかかり、完成まで辿り着けなかった,すぐにでも解けると思う,,
2024/12/13 13:45:25,24,解けなかった,4,6,8,9,7,2,必要な知識・アルゴリズムをそもそも知らなかった,追加で学習すれば解けるようになりそう,問題中に出てきたバブルソートという単語が分からなかった。,
2024/12/13 13:45:28,37,解けなかった,7,9,7,9,8,4,問題文や解法方針を正しく理解することができなかった,追加で学習すれば解けるようになりそう,,
2024/12/13 13:45:46,33,解けなかった,4,5,5,6,6,6,問題文や解法方針を正しく理解することができなかった,すぐにでも解けると思う,,
2024/12/13 13:45:51,40,解けた,1,5,5,3,1,5,（解けたので、これらには該当しない）,（解けたので、これらには該当しない）,,
2024/12/13 13:45:55,7,解けた,8,2,3,7,6,5,（解けたので、これらには該当しない）,（解けたので、これらには該当しない）,,
2024/12/13 13:46:22,4,解けなかった,8,6,8,6,8,4,必要な知識・アルゴリズムをそもそも知らなかった,すぐにでも解けると思う,力技で解けたが、きれいに書けなかったので悔しい。,
2024/12/13 13:47:20,29,解けなかった,8,8,5,10,10,1,（解けたので、これらには該当しない）,（解けたので、これらには該当しない）,5分足りない,
2024/12/13 16:29:52,18,解けた,10,1,1,3,6,3,（解けたので、これらには該当しない）,（解けたので、これらには該当しない）,,