タイムスタンプ,"あなたの学生ID（問題文右上を参照。半角数字）",時間内に問題を解くことができましたか,"問題の文章は理解しやすかったですか？
（星1：わかりにくい 星10：わかりやすい）","新しいことを学ぶ機会になりましたか？
（星1：ならない 星10：なった）","難易度はどうでしたか？
（星1：簡単すぎる 星10：難しすぎる）","この問題を解いて、楽しかったですか？
（星1：つまらなかった 星10：楽しかった）","「いい問題だな」と思いましたか？
（星1：あてはまらない 星10：あてはまる）","この問題の解答時間である15分は適切でしたか？
（星1：短かった 星10：長かった）","今回、解答できなかった主な理由はどれに近いですか？
(最も当てはまるものを1つ選択)","改めて時間をかけて学び直したり、調べたりした場合、この問題に再挑戦すれば解けそうだと感じますか？
(最も当てはまるものを1つ選択)","この問題を解いて、良かった点や改善点はありますか？
例）・例の入力と出力がおかしい
   ・もっと難しくしてほしい","その他質問ありますか？
（勉強のことでもAIのことでもなんでもどうぞ！）"
2024/12/18 9:11:33,13,解けた,8,5,3,8,10,6,（解けたので、これらには該当しない）,（解けたので、これらには該当しない）,,
2024/12/18 9:12:42,21,解けなかった,5,6,8,4,6,4,必要な知識・アルゴリズムをそもそも知らなかった,学習しても解けるようになるか不安,,
2024/12/18 9:15:07,2,解けなかった,5,10,8,3,10,3,必要な知識・アルゴリズムをそもそも知らなかった,すぐにでも解けると思う,,
2024/12/18 9:15:29,28,解けた,4,4,5,9,5,7,（解けたので、これらには該当しない）,（解けたので、これらには該当しない）,,
2024/12/18 9:16:02,4,解けた,8,6,6,6,7,8,（解けたので、これらには該当しない）,（解けたので、これらには該当しない）,良い実力だめしだと思った!,
2024/12/18 9:16:05,8,解けた,10,1,1,1,1,5,（解けたので、これらには該当しない）,（解けたので、これらには該当しない）,,
2024/12/18 9:16:42,17,解けなかった,8,4,8,6,9,3,知識はあったが、実際のコード実装でつまずいた,追加で学習すれば解けるようになりそう,,
2024/12/18 9:17:09,10,解けた,10,1,1,1,1,10,（解けたので、これらには該当しない）,（解けたので、これらには該当しない）,,
2024/12/18 9:17:20,33,解けた,7,3,3,4,5,8,（解けたので、これらには該当しない）,（解けたので、これらには該当しない）,,
2024/12/18 9:17:36,29,解けた,10,3,4,10,10,5,（解けたので、これらには該当しない）,（解けたので、これらには該当しない）,,
2024/12/18 9:17:58,22,解けなかった,3,4,5,5,4,4,バグ修正やテストに時間がかかり、完成まで辿り着けなかった,すぐにでも解けると思う,,
2024/12/18 9:18:09,26,解けなかった,7,9,8,10,7,3,知識はあったが、実際のコード実装でつまずいた,追加で学習すれば解けるようになりそう,,
2024/12/18 9:18:40,20,解けなかった,9,3,4,8,6,7,バグ修正やテストに時間がかかり、完成まで辿り着けなかった,すぐにでも解けると思う,,今回パソコンにトラブルが起きてまともに作業出来なかった故、完成していません。
2024/12/18 9:18:44,19,解けなかった,9,7,4,7,8,3,必要な知識・アルゴリズムをそもそも知らなかった,追加で学習すれば解けるようになりそう,,
2024/12/18 9:18:55,1,解けなかった,8,5,5,5,5,3,知識はあったが、実際のコード実装でつまずいた,すぐにでも解けると思う,,
2024/12/18 9:18:56,7,解けなかった,10,4,3,8,9,3,バグ修正やテストに時間がかかり、完成まで辿り着けなかった,すぐにでも解けると思う,,
2024/12/18 9:18:58,23,解けた,7,6,6,8,7,5,（解けたので、これらには該当しない）,（解けたので、これらには該当しない）,,
2024/12/18 9:19:01,501,解けなかった,10,6,8,6,6,3,知識はあったが、実際のコード実装でつまずいた,追加で学習すれば解けるようになりそう,偶数の場合どうなるのか表示して欲しい,
2024/12/18 9:19:05,11,解けなかった,6,9,6,8,8,4,バグ修正やテストに時間がかかり、完成まで辿り着けなかった,追加で学習すれば解けるようになりそう,,
2024/12/18 9:19:19,14,解けた,5,10,8,5,5,5,必要な知識・アルゴリズムをそもそも知らなかった,追加で学習すれば解けるようになりそう,,
2024/12/18 9:19:25,9,解けた,10,1,2,6,6,6,（解けたので、これらには該当しない）,（解けたので、これらには該当しない）,"問題文では定数と定義しろと書かれていたが、入力例の入力に書かれていたため、食い違いがあると思い戸惑った。
知識の定着がしやすい問題でとても良い問題と思った。
自分に合っていると感じた。",AI開発において、数学以外に必要な知識がありますか。
2024/12/18 9:19:33,39,解けた,10,5,3,8,4,8,（解けたので、これらには該当しない）,（解けたので、これらには該当しない）,テスト問題とほとんど同じで解き慣れていたので、さほど時間をかけずに解けた。,
2024/12/18 9:19:47,32,解けなかった,10,8,6,9,9,2,バグ修正やテストに時間がかかり、完成まで辿り着けなかった,すぐにでも解けると思う,,
2024/12/18 9:20:20,41,解けなかった,4,4,9,5,7,3,必要な知識・アルゴリズムをそもそも知らなかった,学習しても解けるようになるか不安,,
2024/12/18 9:21:03,5,解けなかった,5,5,7,7,6,4,必要な知識・アルゴリズムをそもそも知らなかった,追加で学習すれば解けるようになりそう,,
2024/12/18 9:21:43,3,解けなかった,8,6,6,10,7,4,知識はあったが、実際のコード実装でつまずいた,すぐにでも解けると思う,,
2024/12/18 9:21:44,27,解けなかった,8,5,7,6,7,2,バグ修正やテストに時間がかかり、完成まで辿り着けなかった,すぐにでも解けると思う,,
2024/12/18 9:21:47,35,解けなかった,10,10,5,8,7,4,知識はあったが、実際のコード実装でつまずいた,どんな学習が必要かイメージしづらいが、勉強すればいけそう,,
2024/12/18 9:21:59,16,解けなかった,9,5,7,5,7,3,必要な知識・アルゴリズムをそもそも知らなかった,追加で学習すれば解けるようになりそう,,
2024/12/18 9:22:15,30,解けなかった,7,9,8,8,6,3,問題文や解法方針を正しく理解することができなかった,追加で学習すれば解けるようになりそう,,
2024/12/18 9:22:53,37,解けなかった,7,8,6,7,7,5,問題文や解法方針を正しく理解することができなかった,追加で学習すれば解けるようになりそう,,
2024/12/18 9:23:49,24,解けなかった,6,8,9,6,7,3,知識はあったが、実際のコード実装でつまずいた,追加で学習すれば解けるようになりそう,,
2024/12/18 9:25:06,40,解けた,5,3,3,7,5,4,（解けたので、これらには該当しない）,（解けたので、これらには該当しない）,,
2024/12/18 9:28:05,34,解けなかった,3,8,5,6,2,4,問題文や解法方針を正しく理解することができなかった,すぐにでも解けると思う,,
2024/12/20 13:39:29,6,解けなかった,8,8,6,8,9,3,知識はあったが、実際のコード実装でつまずいた,追加で学習すれば解けるようになりそう,,